<?xml version="1.0" encoding="UTF-8"?>
<project-private xmlns="http://www.netbeans.org/ns/project-private/1">
    <editor-bookmarks xmlns="http://www.netbeans.org/ns/editor-bookmarks/2" lastBookmarkId="0"/>
    <open-files xmlns="http://www.netbeans.org/ns/projectui-open-files/2">
        <group>
            <file>file:/C:/Users/Vitaly/Desktop/BasaDann/my/consolnoe_prilozh/java_pril/Java_musical_Library/src/de/jeckle/RS2DOM/RS2DOM.java</file>
            <file>file:/C:/Users/Vitaly/Desktop/BasaDann/my/consolnoe_prilozh/java_pril/Java_musical_Library/src/java_musical_library/Java_musical_Library.java</file>
            <file>file:/C:/Users/Vitaly/Desktop/BasaDann/my/consolnoe_prilozh/java_pril/Java_musical_Library/src/java_musical_library/FileWork.java</file>
        </group>
    </open-files>
</project-private>
